AIR,,333,3,A57B4D,103,2025/02/12,23:38:11.865,2025/02/12,23:38:11.865
MSG,5,333,3,A57B4D,103,2025/02/12,23:38:11.866,2025/02/12,23:38:11.866,,13900,,,,,,,0,,0,0
MSG,5,333,3,A57B4D,103,2025/02/12,23:38:11.866,2025/02/12,23:38:11.866,,13900,,,,,,,0,,0,0
MSG,5,333,3,A57B4D,103,2025/02/12,23:38:16.890,2025/02/12,23:38:16.890,,14250,,,,,,,0,,0,0
MSG,5,333,3,A57B4D,103,2025/02/12,23:38:20.821,2025/02/12,23:38:20.821,,14525,,,,,,,0,,0,0
MSG,5,333,3,A57B4D,103,2025/02/12,23:38:21.968,2025/02/12,23:38:21.968,,14600,,,,,,,0,,0,0
MSG,5,333,3,A57B4D,103,2025/02/12,23:38:24.153,2025/02/12,23:38:24.153,,14725,,,,,,,0,,0,0
MSG,4,333,3,A57B4D,103,2025/02/12,23:38:24.207,2025/02/12,23:38:24.207,,,345.0,140.0,,,3648,,,,,
MSG,5,333,3,A57B4D,103,2025/02/12,23:38:25.245,2025/02/12,23:38:25.245,,14800,,,,,,,0,,0,0
MSG,5,333,3,A57B4D,103,2025/02/12,23:38:26.610,2025/02/12,23:38:26.610,,14900,,,,,,,0,,0,0
MSG,5,333,3,A57B4D,103,2025/02/12,23:38:26.610,2025/02/12,23:38:26.610,,14900,,,,,,,0,,0,0
AIR,,333,4,8990D8,104,2025/02/12,23:38:27.046,2025/02/12,23:38:27.046
MSG,5,333,3,A57B4D,103,2025/02/12,23:38:28.193,2025/02/12,23:38:28.193,,14975,,,,,,,0,,0,0
MSG,4,333,3,A57B4D,103,2025/02/12,23:38:28.194,2025/02/12,23:38:28.194,,,345.0,140.0,,,3264,,,,,
MSG,5,333,3,A57B4D,103,2025/02/12,23:38:28.522,2025/02/12,23:38:28.522,,15000,,,,,,,0,,0,0
MSG,5,333,4,8990D8,104,2025/02/12,23:38:31.580,2025/02/12,23:38:31.580,,28000,,,,,,,0,,0,0
MSG,5,333,3,A57B4D,103,2025/02/12,23:38:32.234,2025/02/12,23:38:32.234,,15175,,,,,,,0,,0,0
MSG,4,333,3,A57B4D,103,2025/02/12,23:38:32.235,2025/02/12,23:38:32.235,,,346.0,140.2,,,2880,,,,,
MSG,5,333,3,A57B4D,103,2025/02/12,23:38:38.242,2025/02/12,23:38:38.242,,15450,,,,,,,0,,0,0
MSG,5,333,3,A57B4D,103,2025/02/12,23:38:39.553,2025/02/12,23:38:39.553,,15500,,,,,,,0,,0,0
MSG,4,333,3,A57B4D,103,2025/02/12,23:38:40.209,2025/02/12,23:38:40.209,,,350.0,140.2,,,2112,,,,,
MSG,5,333,3,A57B4D,103,2025/02/12,23:38:40.536,2025/02/12,23:38:40.536,,15525,,,,,,,0,,0,0
MSG,5,333,3,A57B4D,103,2025/02/12,23:38:42.283,2025/02/12,23:38:42.283,,15600,,,,,,,0,,0,0
MSG,4,333,3,A57B4D,103,2025/02/12,23:38:42.283,2025/02/12,23:38:42.283,,,352.0,140.2,,,1920,,,,,
MSG,5,333,3,A57B4D,103,2025/02/12,23:38:44.304,2025/02/12,23:38:44.304,,15650,,,,,,,0,,0,0
MSG,3,333,3,A57B4D,103,2025/02/12,23:38:47.253,2025/02/12,23:38:47.253,,15750,,,37.27130,-121.92586,,,0,0,0,0
MSG,4,333,3,A57B4D,103,2025/02/12,23:38:47.253,2025/02/12,23:38:47.253,,,356.0,140.2,,,1728,,,,,
MSG,5,333,3,A57B4D,103,2025/02/12,23:38:48.236,2025/02/12,23:38:48.236,,15775,,,,,,,0,,0,0
MSG,4,333,3,A57B4D,103,2025/02/12,23:38:48.290,2025/02/12,23:38:48.290,,,357.0,140.2,,,1728,,,,,
ID,,333,3,A57B4D,103,2025/02/12,23:38:48.782,2025/02/12,23:38:48.782,UAL412
MSG,5,333,3,A57B4D,103,2025/02/12,23:38:49.328,2025/02/12,23:38:49.328,,15800,,,,,,,0,,0,0
MSG,4,333,3,A57B4D,103,2025/02/12,23:38:49.328,2025/02/12,23:38:49.328,,,357.0,140.2,,,1792,,,,,
MSG,6,333,3,A57B4D,103,2025/02/12,23:38:49.983,2025/02/12,23:38:49.983,,15800,,,,,,0098,0,0,0,0
MSG,5,333,3,A57B4D,103,2025/02/12,23:38:52.222,2025/02/12,23:38:52.222,,15900,,,,,,,0,,0,0
MSG,4,333,3,A57B4D,103,2025/02/12,23:38:52.223,2025/02/12,23:38:52.223,,,360.0,140.2,,,1984,,,,,
MSG,5,333,3,A57B4D,103,2025/02/12,23:38:53.205,2025/02/12,23:38:53.205,,15925,,,,,,,0,,0,0
MSG,5,333,3,A57B4D,103,2025/02/12,23:38:54.243,2025/02/12,23:38:54.243,,15950,,,,,,,0,,0,0
MSG,4,333,3,A57B4D,103,2025/02/12,23:38:54.243,2025/02/12,23:38:54.243,,,361.0,140.3,,,2048,,,,,
MSG,3,333,3,A57B4D,103,2025/02/12,23:38:55.335,2025/02/12,23:38:55.335,,16000,,,37.26088,-121.91504,,,0,0,0,0
MSG,4,333,3,A57B4D,103,2025/02/12,23:38:55.335,2025/02/12,23:38:55.335,,,362.0,140.3,,,2112,,,,,
MSG,5,333,3,A57B4D,103,2025/02/12,23:38:56.263,2025/02/12,23:38:56.263,,16025,,,,,,,0,,0,0
MSG,4,333,3,A57B4D,103,2025/02/12,23:38:56.264,2025/02/12,23:38:56.264,,,362.0,140.3,,,2176,,,,,
MSG,5,333,4,8990D8,104,2025/02/12,23:38:59.594,2025/02/12,23:38:59.594,,28000,,,,,,,0,,0,0
MSG,4,333,4,8990D8,104,2025/02/12,23:38:59.595,2025/02/12,23:38:59.595,,,464.0,326.9,,,0,,,,,
MSG,6,333,3,A57B4D,103,2025/02/12,23:38:59.922,2025/02/12,23:38:59.922,,16025,,,,,,0114,0,0,0,0
MSG,4,333,3,A57B4D,103,2025/02/12,23:39:00.140,2025/02/12,23:39:00.140,,,365.0,140.3,,,2496,,,,,
MSG,4,333,4,8990D8,104,2025/02/12,23:39:00.577,2025/02/12,23:39:00.577,,,464.0,326.9,,,0,,,,,
MSG,5,333,4,8990D8,104,2025/02/12,23:39:01.561,2025/02/12,23:39:01.561,,28000,,,,,,,0,,0,0
MSG,5,333,4,8990D8,104,2025/02/12,23:39:01.779,2025/02/12,23:39:01.779,,28000,,,,,,,0,,0,0
MSG,5,333,3,A57B4D,103,2025/02/12,23:39:03.253,2025/02/12,23:39:03.253,,16300,,,,,,,0,,0,0
MSG,4,333,3,A57B4D,103,2025/02/12,23:39:03.254,2025/02/12,23:39:03.254,,,366.0,140.3,,,2624,,,,,
MSG,5,333,3,A57B4D,103,2025/02/12,23:39:04.237,2025/02/12,23:39:04.237,,16350,,,,,,,0,,0,0
MSG,4,333,3,A57B4D,103,2025/02/12,23:39:04.291,2025/02/12,23:39:04.291,,,367.0,140.4,,,2624,,,,,
MSG,5,333,3,A57B4D,103,2025/02/12,23:39:05.273,2025/02/12,23:39:05.273,,16400,,,,,,,0,,0,0
MSG,4,333,3,A57B4D,103,2025/02/12,23:39:05.274,2025/02/12,23:39:05.274,,,367.0,140.3,,,2624,,,,,
MSG,5,333,3,A57B4D,103,2025/02/12,23:39:06.039,2025/02/12,23:39:06.039,,16425,,,,,,,0,,0,0
MSG,5,333,3,A57B4D,103,2025/02/12,23:39:07.240,2025/02/12,23:39:07.240,,16475,,,,,,,0,,0,0
MSG,3,333,3,A57B4D,103,2025/02/12,23:39:07.240,2025/02/12,23:39:07.240,,16475,,,37.24535,-121.89892,,,0,0,0,0
MSG,4,333,3,A57B4D,103,2025/02/12,23:39:07.294,2025/02/12,23:39:07.294,,,368.0,140.3,,,2496,,,,,
MSG,5,333,4,8990D8,104,2025/02/12,23:39:07.459,2025/02/12,23:39:07.459,,28000,,,,,,,0,,0,0
MSG,4,333,4,8990D8,104,2025/02/12,23:39:07.512,2025/02/12,23:39:07.512,,,464.0,326.9,,,0,,,,,
MSG,3,333,3,A57B4D,103,2025/02/12,23:39:08.386,2025/02/12,23:39:08.386,,16525,,,37.24389,-121.89743,,,0,0,0,0
MSG,4,333,3,A57B4D,103,2025/02/12,23:39:08.387,2025/02/12,23:39:08.387,,,369.0,140.3,,,2368,,,,,
MSG,5,333,4,8990D8,104,2025/02/12,23:39:08.387,2025/02/12,23:39:08.387,,28000,,,,,,,0,,0,0
MSG,4,333,4,8990D8,104,2025/02/12,23:39:08.441,2025/02/12,23:39:08.441,,,464.0,326.9,,,0,,,,,
MSG,5,333,4,8990D8,104,2025/02/12,23:39:08.605,2025/02/12,23:39:08.605,,28000,,,,,,,0,,0,0
MSG,1,333,3,A57B4D,103,2025/02/12,23:39:08.987,2025/02/12,23:39:08.987,UAL412,,,,,,,,,,,
MSG,5,333,4,8990D8,104,2025/02/12,23:39:08.987,2025/02/12,23:39:08.987,,28000,,,,,,,0,,0,0
MSG,5,333,4,8990D8,104,2025/02/12,23:39:10.134,2025/02/12,23:39:10.134,,28000,,,,,,,0,,0,0
MSG,3,333,3,A57B4D,103,2025/02/12,23:39:10.135,2025/02/12,23:39:10.135,,16600,,,37.24155,-121.89495,,,0,0,0,0
MSG,4,333,3,A57B4D,103,2025/02/12,23:39:10.189,2025/02/12,23:39:10.189,,,370.0,140.3,,,2240,,,,,
MSG,5,333,4,8990D8,104,2025/02/12,23:39:11.008,2025/02/12,23:39:11.008,,28000,,,,,,,0,,0,0
MSG,3,333,3,A57B4D,103,2025/02/12,23:39:11.063,2025/02/12,23:39:11.063,,16625,,,37.24035,-121.89373,,,0,0,0,0
MSG,4,333,3,A57B4D,103,2025/02/12,23:39:11.117,2025/02/12,23:39:11.117,,,371.0,140.3,,,2176,,,,,
MSG,3,333,3,A57B4D,103,2025/02/12,23:39:12.046,2025/02/12,23:39:12.046,,16675,,,37.23886,-121.89224,,,0,0,0,0
MSG,4,333,3,A57B4D,103,2025/02/12,23:39:12.100,2025/02/12,23:39:12.100,,,371.0,140.3,,,2112,,,,,
MSG,3,333,3,A57B4D,103,2025/02/12,23:39:13.028,2025/02/12,23:39:13.028,,16700,,,37.23766,-121.89097,,,0,0,0,0
MSG,4,333,3,A57B4D,103,2025/02/12,23:39:13.029,2025/02/12,23:39:13.029,,,372.0,140.5,,,2048,,,,,
MSG,3,333,3,A57B4D,103,2025/02/12,23:39:13.903,2025/02/12,23:39:13.903,,16725,,,37.23648,-121.88973,,,0,0,0,0
MSG,4,333,3,A57B4D,103,2025/02/12,23:39:13.956,2025/02/12,23:39:13.956,,,373.0,140.5,,,2048,,,,,
MSG,3,333,3,A57B4D,103,2025/02/12,23:39:14.995,2025/02/12,23:39:14.995,,16750,,,37.23513,-121.88835,,,0,0,0,0
MSG,4,333,3,A57B4D,103,2025/02/12,23:39:15.049,2025/02/12,23:39:15.049,,,373.0,140.5,,,2112,,,,,
MSG,3,333,3,A57B4D,103,2025/02/12,23:39:15.978,2025/02/12,23:39:15.978,,16800,,,37.23369,-121.88686,,,0,0,0,0
MSG,4,333,3,A57B4D,103,2025/02/12,23:39:15.978,2025/02/12,23:39:15.978,,,375.0,140.5,,,2112,,,,,
MSG,3,333,3,A57B4D,103,2025/02/12,23:39:17.944,2025/02/12,23:39:17.944,,16875,,,37.23111,-121.88419,,,0,0,0,0
MSG,3,333,3,A57B4D,103,2025/02/12,23:39:18.873,2025/02/12,23:39:18.873,,16900,,,37.22978,-121.88280,,,0,0,0,0
MSG,4,333,3,A57B4D,103,2025/02/12,23:39:18.926,2025/02/12,23:39:18.926,,,376.0,140.5,,,2240,,,,,
MSG,6,333,3,A57B4D,103,2025/02/12,23:39:19.637,2025/02/12,23:39:19.637,,16900,,,,,,0111,0,0,0,0
MSG,3,333,3,A57B4D,103,2025/02/12,23:39:19.800,2025/02/12,23:39:19.800,,16950,,,37.22855,-121.88156,,,0,0,0,0
MSG,4,333,3,A57B4D,103,2025/02/12,23:39:19.800,2025/02/12,23:39:19.800,,,376.0,140.5,,,2240,,,,,
MSG,3,333,3,A57B4D,103,2025/02/12,23:39:20.675,2025/02/12,23:39:20.675,,16975,,,37.22736,-121.88029,,,0,0,0,0
MSG,4,333,3,A57B4D,103,2025/02/12,23:39:20.728,2025/02/12,23:39:20.728,,,377.0,140.5,,,2304,,,,,
MSG,3,333,3,A57B4D,103,2025/02/12,23:39:22.640,2025/02/12,23:39:22.640,,17050,,,37.22466,-121.87753,,,0,0,0,0
MSG,4,333,3,A57B4D,103,2025/02/12,23:39:22.694,2025/02/12,23:39:22.694,,,377.0,140.5,,,2432,,,,,
MSG,3,333,3,A57B4D,103,2025/02/12,23:39:23.677,2025/02/12,23:39:23.677,,17100,,,37.22345,-121.87623,,,0,0,0,0
MSG,4,333,3,A57B4D,103,2025/02/12,23:39:23.678,2025/02/12,23:39:23.678,,,378.0,140.3,,,2496,,,,,
MSG,3,333,3,A57B4D,103,2025/02/12,23:39:24.770,2025/02/12,23:39:24.770,,17125,,,37.22195,-121.87473,,,0,0,0,0
MSG,4,333,3,A57B4D,103,2025/02/12,23:39:24.770,2025/02/12,23:39:24.770,,,378.0,140.3,,,2624,,,,,
MSG,3,333,3,A57B4D,103,2025/02/12,23:39:26.626,2025/02/12,23:39:26.626,,17225,,,37.21939,-121.87204,,,0,0,0,0
MSG,4,333,3,A57B4D,103,2025/02/12,23:39:26.627,2025/02/12,23:39:26.627,,,379.0,140.3,,,2880,,,,,
MSG,3,333,3,A57B4D,103,2025/02/12,23:39:28.538,2025/02/12,23:39:28.538,,17325,,,37.21670,-121.86925,,,0,0,0,0
MSG,4,333,3,A57B4D,103,2025/02/12,23:39:28.538,2025/02/12,23:39:28.538,,,379.0,140.3,,,3008,,,,,
MSG,1,333,3,A57B4D,103,2025/02/12,23:39:29.030,2025/02/12,23:39:29.030,UAL412,,,,,,,,,,,
MSG,3,333,3,A57B4D,103,2025/02/12,23:39:29.411,2025/02/12,23:39:29.411,,17350,,,37.21563,-121.86811,,,0,0,0,0
MSG,4,333,3,A57B4D,103,2025/02/12,23:39:29.412,2025/02/12,23:39:29.412,,,379.0,140.3,,,3008,,,,,
MSG,6,333,3,A57B4D,103,2025/02/12,23:39:29.848,2025/02/12,23:39:29.848,,17350,,,,,,0110,0,0,0,0
MSG,3,333,3,A57B4D,103,2025/02/12,23:39:30.394,2025/02/12,23:39:30.394,,17400,,,37.21428,-121.86668,,,0,0,0,0
MSG,4,333,3,A57B4D,103,2025/02/12,23:39:30.395,2025/02/12,23:39:30.395,,,380.0,140.1,,,3008,,,,,
MSG,3,333,3,A57B4D,103,2025/02/12,23:39:31.433,2025/02/12,23:39:31.433,,17450,,,37.21293,-121.86531,,,0,0,0,0
MSG,4,333,3,A57B4D,103,2025/02/12,23:39:31.487,2025/02/12,23:39:31.487,,,380.0,140.1,,,3072,,,,,
MSG,3,333,3,A57B4D,103,2025/02/12,23:39:32.633,2025/02/12,23:39:32.633,,17525,,,37.21129,-121.86357,,,0,0,0,0
MSG,4,333,3,A57B4D,103,2025/02/12,23:39:32.634,2025/02/12,23:39:32.634,,,380.0,140.1,,,3136,,,,,
MSG,3,333,3,A57B4D,103,2025/02/12,23:39:34.654,2025/02/12,23:39:34.654,,17625,,,37.20859,-121.86076,,,0,0,0,0
MSG,4,333,3,A57B4D,103,2025/02/12,23:39:34.655,2025/02/12,23:39:34.655,,,381.0,140.1,,,3264,,,,,
MSG,3,333,3,A57B4D,103,2025/02/12,23:39:35.802,2025/02/12,23:39:35.802,,17700,,,37.20711,-121.85922,,,0,0,0,0
MSG,4,333,3,A57B4D,103,2025/02/12,23:39:35.855,2025/02/12,23:39:35.855,,,381.0,140.1,,,3392,,,,,
MSG,3,333,3,A57B4D,103,2025/02/12,23:39:37.658,2025/02/12,23:39:37.658,,17800,,,37.20438,-121.85638,,,0,0,0,0
MSG,4,333,3,A57B4D,103,2025/02/12,23:39:37.712,2025/02/12,23:39:37.712,,,381.0,140.1,,,3328,,,,,
MSG,3,333,3,A57B4D,103,2025/02/12,23:39:38.641,2025/02/12,23:39:38.641,,17875,,,37.20315,-121.85510,,,0,0,0,0
MSG,4,333,3,A57B4D,103,2025/02/12,23:39:38.695,2025/02/12,23:39:38.695,,,381.0,140.1,,,3392,,,,,
MSG,1,333,3,A57B4D,103,2025/02/12,23:39:38.696,2025/02/12,23:39:38.696,UAL412,,,,,,,,,,,
MSG,3,333,3,A57B4D,103,2025/02/12,23:39:39.569,2025/02/12,23:39:39.569,,17900,,,37.20181,-121.85369,,,0,0,0,0
MSG,4,333,3,A57B4D,103,2025/02/12,23:39:39.570,2025/02/12,23:39:39.570,,,381.0,140.1,,,3392,,,,,
MSG,6,333,3,A57B4D,103,2025/02/12,23:39:39.787,2025/02/12,23:39:39.787,,17900,,,,,,0099,0,0,0,0
MSG,3,333,3,A57B4D,103,2025/02/12,23:39:40.553,2025/02/12,23:39:40.553,,17975,,,37.20044,-121.85229,,,0,0,0,0
MSG,4,333,3,A57B4D,103,2025/02/12,23:39:40.606,2025/02/12,23:39:40.606,,,381.0,140.1,,,3392,,,,,
MSG,3,333,3,A57B4D,103,2025/02/12,23:39:41.699,2025/02/12,23:39:41.699,,18025,,,37.19896,-121.85074,,,0,0,0,0
MSG,4,333,3,A57B4D,103,2025/02/12,23:39:41.753,2025/02/12,23:39:41.753,,,381.0,140.1,,,3392,,,,,
MSG,3,333,3,A57B4D,103,2025/02/12,23:39:42.682,2025/02/12,23:39:42.682,,18075,,,37.19760,-121.84931,,,0,0,0,0
MSG,4,333,3,A57B4D,103,2025/02/12,23:39:42.736,2025/02/12,23:39:42.736,,,381.0,140.1,,,3392,,,,,
MSG,3,333,3,A57B4D,103,2025/02/12,23:39:43.665,2025/02/12,23:39:43.665,,18150,,,37.19623,-121.84790,,,0,0,0,0
MSG,4,333,3,A57B4D,103,2025/02/12,23:39:43.665,2025/02/12,23:39:43.665,,,381.0,140.1,,,3392,,,,,
MSG,3,333,3,A57B4D,103,2025/02/12,23:39:44.703,2025/02/12,23:39:44.703,,18200,,,37.19490,-121.84650,,,0,0,0,0
MSG,4,333,3,A57B4D,103,2025/02/12,23:39:44.757,2025/02/12,23:39:44.757,,,381.0,140.1,,,3392,,,,,
MSG,3,333,3,A57B4D,103,2025/02/12,23:39:45.849,2025/02/12,23:39:45.849,,18275,,,37.19328,-121.84483,,,0,0,0,0
MSG,4,333,3,A57B4D,103,2025/02/12,23:39:45.850,2025/02/12,23:39:45.850,,,381.0,140.1,,,3456,,,,,
MSG,3,333,3,A57B4D,103,2025/02/12,23:39:46.778,2025/02/12,23:39:46.778,,18325,,,37.19206,-121.84352,,,0,0,0,0
MSG,4,333,3,A57B4D,103,2025/02/12,23:39:46.778,2025/02/12,23:39:46.778,,,381.0,140.1,,,3520,,,,,
MSG,3,333,3,A57B4D,103,2025/02/12,23:39:47.760,2025/02/12,23:39:47.760,,18375,,,37.19082,-121.84226,,,0,0,0,0
MSG,4,333,3,A57B4D,103,2025/02/12,23:39:47.761,2025/02/12,23:39:47.761,,,381.0,140.1,,,3392,,,,,
MSG,3,333,3,A57B4D,103,2025/02/12,23:39:48.744,2025/02/12,23:39:48.744,,18425,,,37.18947,-121.84083,,,0,0,0,0
MSG,4,333,3,A57B4D,103,2025/02/12,23:39:48.798,2025/02/12,23:39:48.798,,,381.0,140.1,,,3392,,,,,
MSG,1,333,3,A57B4D,103,2025/02/12,23:39:48.908,2025/02/12,23:39:48.908,UAL412,,,,,,,,,,,
MSG,3,333,3,A57B4D,103,2025/02/12,23:39:49.291,2025/02/12,23:39:49.291,,18450,,,37.18867,-121.83999,,,0,0,0,0
MSG,4,333,3,A57B4D,103,2025/02/12,23:39:49.344,2025/02/12,23:39:49.344,,,381.0,140.1,,,3392,,,,,
MSG,6,333,3,A57B4D,103,2025/02/12,23:39:49.617,2025/02/12,23:39:49.617,,18450,,,,,,0111,0,0,0,0
MSG,3,333,3,A57B4D,103,2025/02/12,23:39:49.782,2025/02/12,23:39:49.782,,18500,,,37.18798,-121.83927,,,0,0,0,0
MSG,4,333,3,A57B4D,103,2025/02/12,23:39:49.835,2025/02/12,23:39:49.835,,,380.0,140.3,,,3328,,,,,
MSG,4,333,3,A57B4D,103,2025/02/12,23:39:50.327,2025/02/12,23:39:50.327,,,380.0,140.3,,,3264,,,,,
MSG,3,333,3,A57B4D,103,2025/02/12,23:39:50.873,2025/02/12,23:39:50.873,,18550,,,37.18648,-121.83774,,,0,0,0,0
MSG,4,333,3,A57B4D,103,2025/02/12,23:39:50.873,2025/02/12,23:39:50.873,,,380.0,140.3,,,3008,,,,,
MSG,3,333,3,A57B4D,103,2025/02/12,23:39:51.966,2025/02/12,23:39:51.966,,18600,,,37.18500,-121.83623,,,0,0,0,0
MSG,4,333,3,A57B4D,103,2025/02/12,23:39:52.020,2025/02/12,23:39:52.020,,,381.0,140.3,,,2880,,,,,
MSG,3,333,3,A57B4D,103,2025/02/12,23:39:52.949,2025/02/12,23:39:52.949,,18650,,,37.18378,-121.83493,,,0,0,0,0
MSG,4,333,3,A57B4D,103,2025/02/12,23:39:53.003,2025/02/12,23:39:53.003,,,381.0,140.3,,,2752,,,,,
MSG,3,333,3,A57B4D,103,2025/02/12,23:39:54.096,2025/02/12,23:39:54.096,,18700,,,37.18225,-121.83336,,,0,0,0,0
MSG,4,333,3,A57B4D,103,2025/02/12,23:39:54.150,2025/02/12,23:39:54.150,,,381.0,140.3,,,2752,,,,,
MSG,3,333,3,A57B4D,103,2025/02/12,23:39:55.243,2025/02/12,23:39:55.243,,18750,,,37.18062,-121.83172,,,0,0,0,0
MSG,4,333,3,A57B4D,103,2025/02/12,23:39:55.296,2025/02/12,23:39:55.296,,,382.0,140.3,,,2624,,,,,
MSG,4,333,3,A57B4D,103,2025/02/12,23:39:55.843,2025/02/12,23:39:55.843,,,382.0,140.3,,,2432,,,,,
MSG,3,333,3,A57B4D,103,2025/02/12,23:39:56.280,2025/02/12,23:39:56.280,,18800,,,37.17913,-121.83014,,,0,0,0,0
MSG,4,333,3,A57B4D,103,2025/02/12,23:39:56.334,2025/02/12,23:39:56.334,,,382.0,140.3,,,2368,,,,,
MSG,3,333,3,A57B4D,103,2025/02/12,23:39:56.717,2025/02/12,23:39:56.717,,18825,,,37.17857,-121.82960,,,0,0,0,0
MSG,3,333,3,A57B4D,103,2025/02/12,23:39:57.153,2025/02/12,23:39:57.153,,18825,,,37.17801,-121.82900,,,0,0,0,0
MSG,4,333,3,A57B4D,103,2025/02/12,23:39:57.154,2025/02/12,23:39:57.154,,,383.0,140.3,,,2176,,,,,
MSG,4,333,3,A57B4D,103,2025/02/12,23:39:57.645,2025/02/12,23:39:57.645,,,384.0,140.2,,,2112,,,,,
MSG,3,333,3,A57B4D,103,2025/02/12,23:39:58.028,2025/02/12,23:39:58.028,,18875,,,37.17682,-121.82774,,,0,0,0,0
MSG,4,333,3,A57B4D,103,2025/02/12,23:39:58.081,2025/02/12,23:39:58.081,,,384.0,140.2,,,1984,,,,,
MSG,3,333,3,A57B4D,103,2025/02/12,23:39:58.628,2025/02/12,23:39:58.628,,18875,,,37.17597,-121.82686,,,0,0,0,0
MSG,1,333,3,A57B4D,103,2025/02/12,23:39:59.066,2025/02/12,23:39:59.066,UAL412,,,,,,,,,,,
MSG,3,333,3,A57B4D,103,2025/02/12,23:39:59.120,2025/02/12,23:39:59.120,,18900,,,37.17531,-121.82617,,,0,0,0,0
MSG,6,333,3,A57B4D,103,2025/02/12,23:39:59.721,2025/02/12,23:39:59.721,,18900,,,,,,0123,0,0,0,0
MSG,3,333,3,A57B4D,103,2025/02/12,23:40:00.158,2025/02/12,23:40:00.158,,18925,,,37.17378,-121.82459,,,0,0,0,0
MSG,4,333,3,A57B4D,103,2025/02/12,23:40:00.211,2025/02/12,23:40:00.211,,,386.0,140.0,,,1408,,,,,
MSG,3,333,3,A57B4D,103,2025/02/12,23:40:01.086,2025/02/12,23:40:01.086,,18950,,,37.17256,-121.82324,,,0,0,0,0
MSG,4,333,3,A57B4D,103,2025/02/12,23:40:01.086,2025/02/12,23:40:01.086,,,387.0,139.8,,,1280,,,,,
MSG,3,333,3,A57B4D,103,2025/02/12,23:40:02.015,2025/02/12,23:40:02.015,,18975,,,37.17131,-121.82196,,,0,0,0,0
MSG,4,333,3,A57B4D,103,2025/02/12,23:40:02.068,2025/02/12,23:40:02.068,,,388.0,139.6,,,1152,,,,,
MSG,3,333,3,A57B4D,103,2025/02/12,23:40:03.052,2025/02/12,23:40:03.052,,18975,,,37.16982,-121.82035,,,0,0,0,0
MSG,4,333,3,A57B4D,103,2025/02/12,23:40:03.052,2025/02/12,23:40:03.052,,,390.0,139.4,,,1024,,,,,
MSG,3,333,3,A57B4D,103,2025/02/12,23:40:04.199,2025/02/12,23:40:04.199,,19000,,,37.16830,-121.81869,,,0,0,0,0
MSG,4,333,3,A57B4D,103,2025/02/12,23:40:04.253,2025/02/12,23:40:04.253,,,390.0,139.0,,,960,,,,,
MSG,3,333,3,A57B4D,103,2025/02/12,23:40:06.056,2025/02/12,23:40:06.056,,19025,,,37.16583,-121.81600,,,0,0,0,0
MSG,4,333,3,A57B4D,103,2025/02/12,23:40:06.109,2025/02/12,23:40:06.109,,,393.0,138.4,,,960,,,,,
MSG,3,333,3,A57B4D,103,2025/02/12,23:40:07.202,2025/02/12,23:40:07.202,,19050,,,37.16423,-121.81414,,,0,0,0,0
MSG,4,333,3,A57B4D,103,2025/02/12,23:40:07.256,2025/02/12,23:40:07.256,,,395.0,138.1,,,1088,,,,,
MSG,3,333,3,A57B4D,103,2025/02/12,23:40:08.240,2025/02/12,23:40:08.240,,19075,,,37.16288,-121.81258,,,0,0,0,0
MSG,4,333,3,A57B4D,103,2025/02/12,23:40:08.294,2025/02/12,23:40:08.294,,,396.0,137.7,,,1216,,,,,
MSG,1,333,3,A57B4D,103,2025/02/12,23:40:09.059,2025/02/12,23:40:09.059,UAL412,,,,,,,,,,,
MSG,3,333,3,A57B4D,103,2025/02/12,23:40:09.278,2025/02/12,23:40:09.278,,19100,,,37.16139,-121.81085,,,0,0,0,0
MSG,4,333,3,A57B4D,103,2025/02/12,23:40:09.331,2025/02/12,23:40:09.331,,,397.0,137.2,,,1280,,,,,
MSG,6,333,3,A57B4D,103,2025/02/12,23:40:09.605,2025/02/12,23:40:09.605,,19100,,,,,,0105,0,0,0,0
MSG,3,333,3,A57B4D,103,2025/02/12,23:40:10.151,2025/02/12,23:40:10.151,,19100,,,37.16029,-121.80957,,,0,0,0,0
MSG,4,333,3,A57B4D,103,2025/02/12,23:40:10.152,2025/02/12,23:40:10.152,,,399.0,136.8,,,1216,,,,,
MSG,3,333,3,A57B4D,103,2025/02/12,23:40:11.134,2025/02/12,23:40:11.134,,19125,,,37.15897,-121.80799,,,0,0,0,0
MSG,4,333,3,A57B4D,103,2025/02/12,23:40:11.134,2025/02/12,23:40:11.134,,,399.0,136.3,,,1280,,,,,
MSG,3,333,3,A57B4D,103,2025/02/12,23:40:12.117,2025/02/12,23:40:12.117,,19150,,,37.15762,-121.80638,,,0,0,0,0
MSG,4,333,3,A57B4D,103,2025/02/12,23:40:12.117,2025/02/12,23:40:12.117,,,400.0,135.9,,,1344,,,,,
MSG,3,333,3,A57B4D,103,2025/02/12,23:40:12.991,2025/02/12,23:40:12.991,,19175,,,37.15645,-121.80489,,,0,0,0,0
MSG,4,333,3,A57B4D,103,2025/02/12,23:40:13.045,2025/02/12,23:40:13.045,,,402.0,135.5,,,1280,,,,,
MSG,3,333,3,A57B4D,103,2025/02/12,23:40:14.083,2025/02/12,23:40:14.083,,19200,,,37.15512,-121.80326,,,0,0,0,0
MSG,4,333,3,A57B4D,103,2025/02/12,23:40:14.083,2025/02/12,23:40:14.083,,,403.0,135.0,,,1408,,,,,
MSG,3,333,3,A57B4D,103,2025/02/12,23:40:15.120,2025/02/12,23:40:15.120,,19225,,,37.15370,-121.80139,,,0,0,0,0
MSG,4,333,3,A57B4D,103,2025/02/12,23:40:15.120,2025/02/12,23:40:15.120,,,404.0,134.4,,,1472,,,,,
MSG,3,333,3,A57B4D,103,2025/02/12,23:40:16.049,2025/02/12,23:40:16.049,,19250,,,37.15250,-121.79987,,,0,0,0,0
MSG,4,333,3,A57B4D,103,2025/02/12,23:40:16.050,2025/02/12,23:40:16.050,,,405.0,134.0,,,1536,,,,,
MSG,3,333,3,A57B4D,103,2025/02/12,23:40:17.087,2025/02/12,23:40:17.087,,19275,,,37.15109,-121.79794,,,0,0,0,0
MSG,4,333,3,A57B4D,103,2025/02/12,23:40:17.087,2025/02/12,23:40:17.087,,,406.0,133.5,,,1664,,,,,
MSG,3,333,3,A57B4D,103,2025/02/12,23:40:18.014,2025/02/12,23:40:18.014,,19300,,,37.15009,-121.79660,,,0,0,0,0
MSG,4,333,3,A57B4D,103,2025/02/12,23:40:18.015,2025/02/12,23:40:18.015,,,407.0,133.0,,,1792,,,,,
MSG,3,333,3,A57B4D,103,2025/02/12,23:40:18.943,2025/02/12,23:40:18.943,,19325,,,37.14878,-121.79485,,,0,0,0,0
MSG,4,333,3,A57B4D,103,2025/02/12,23:40:18.943,2025/02/12,23:40:18.943,,,409.0,132.6,,,1984,,,,,
MSG,1,333,3,A57B4D,103,2025/02/12,23:40:19.052,2025/02/12,23:40:19.052,UAL412,,,,,,,,,,,
MSG,6,333,3,A57B4D,103,2025/02/12,23:40:19.380,2025/02/12,23:40:19.380,,19325,,,,,,0060,0,0,0,0
MSG,3,333,3,A57B4D,103,2025/02/12,23:40:19.927,2025/02/12,23:40:19.927,,19350,,,37.14752,-121.79306,,,0,0,0,0
MSG,4,333,3,A57B4D,103,2025/02/12,23:40:19.980,2025/02/12,23:40:19.980,,,409.0,132.4,,,2048,,,,,
MSG,3,333,3,A57B4D,103,2025/02/12,23:40:20.800,2025/02/12,23:40:20.800,,19375,,,37.14638,-121.79151,,,0,0,0,0
MSG,4,333,3,A57B4D,103,2025/02/12,23:40:20.854,2025/02/12,23:40:20.854,,,409.0,132.1,,,2176,,,,,
MSG,3,333,3,A57B4D,103,2025/02/12,23:40:21.783,2025/02/12,23:40:21.783,,19425,,,37.14510,-121.78972,,,0,0,0,0
MSG,4,333,3,A57B4D,103,2025/02/12,23:40:21.837,2025/02/12,23:40:21.837,,,410.0,132.1,,,2304,,,,,
MSG,3,333,3,A57B4D,103,2025/02/12,23:40:22.711,2025/02/12,23:40:22.711,,19450,,,37.14395,-121.78818,,,0,0,0,0
MSG,4,333,3,A57B4D,103,2025/02/12,23:40:22.711,2025/02/12,23:40:22.711,,,410.0,131.8,,,2368,,,,,
MSG,3,333,3,A57B4D,103,2025/02/12,23:40:23.531,2025/02/12,23:40:23.531,,19500,,,37.14294,-121.78672,,,0,0,0,0
MSG,4,333,3,A57B4D,103,2025/02/12,23:40:23.531,2025/02/12,23:40:23.531,,,410.0,131.8,,,2368,,,,,
MSG,3,333,3,A57B4D,103,2025/02/12,23:40:24.568,2025/02/12,23:40:24.568,,19525,,,37.14153,-121.78479,,,0,0,0,0
MSG,4,333,3,A57B4D,103,2025/02/12,23:40:24.569,2025/02/12,23:40:24.569,,,411.0,131.8,,,2496,,,,,
MSG,3,333,3,A57B4D,103,2025/02/12,23:40:25.551,2025/02/12,23:40:25.551,,19575,,,37.14029,-121.78304,,,0,0,0,0
MSG,4,333,3,A57B4D,103,2025/02/12,23:40:25.552,2025/02/12,23:40:25.552,,,411.0,131.8,,,2624,,,,,
MSG,3,333,3,A57B4D,103,2025/02/12,23:40:26.588,2025/02/12,23:40:26.588,,19625,,,37.13901,-121.78123,,,0,0,0,0
MSG,4,333,3,A57B4D,103,2025/02/12,23:40:26.589,2025/02/12,23:40:26.589,,,411.0,131.8,,,2752,,,,,
MSG,3,333,3,A57B4D,103,2025/02/12,23:40:27.462,2025/02/12,23:40:27.462,,19650,,,37.13800,-121.77982,,,0,0,0,0
MSG,4,333,3,A57B4D,103,2025/02/12,23:40:27.463,2025/02/12,23:40:27.463,,,411.0,131.8,,,2880,,,,,
MSG,3,333,3,A57B4D,103,2025/02/12,23:40:28.392,2025/02/12,23:40:28.392,,19700,,,37.13658,-121.77784,,,0,0,0,0
MSG,4,333,3,A57B4D,103,2025/02/12,23:40:28.445,2025/02/12,23:40:28.445,,,411.0,131.6,,,2944,,,,,
MSG,1,333,3,A57B4D,103,2025/02/12,23:40:28.773,2025/02/12,23:40:28.773,UAL412,,,,,,,,,,,
STA,,333,4,8990D8,104,2025/02/12,23:39:11.008,2025/02/12,23:39:11.008,SL
STA,,333,4,8990D8,104,2025/02/12,23:39:11.008,2025/02/12,23:39:11.008,RM
MSG,6,333,3,A57B4D,103,2025/02/12,23:40:29.211,2025/02/12,23:40:29.211,,19700,,,,,,0051,0,0,0,0
MSG,3,333,3,A57B4D,103,2025/02/12,23:40:29.374,2025/02/12,23:40:29.374,,19750,,,37.13546,-121.77622,,,0,0,0,0
MSG,4,333,3,A57B4D,103,2025/02/12,23:40:29.428,2025/02/12,23:40:29.428,,,411.0,131.6,,,3008,,,,,
MSG,3,333,3,A57B4D,103,2025/02/12,23:40:32.159,2025/02/12,23:40:32.159,,19900,,,37.13205,-121.77141,,,0,0,0,0
MSG,4,333,3,A57B4D,103,2025/02/12,23:40:32.213,2025/02/12,23:40:32.213,,,411.0,131.6,,,3008,,,,,
MSG,3,333,3,A57B4D,103,2025/02/12,23:40:33.141,2025/02/12,23:40:33.141,,19925,,,37.13076,-121.76965,,,0,0,0,0
MSG,4,333,3,A57B4D,103,2025/02/12,23:40:33.142,2025/02/12,23:40:33.142,,,411.0,131.6,,,3008,,,,,
MSG,3,333,3,A57B4D,103,2025/02/12,23:40:34.125,2025/02/12,23:40:34.125,,19975,,,37.12951,-121.76786,,,0,0,0,0
MSG,4,333,3,A57B4D,103,2025/02/12,23:40:34.126,2025/02/12,23:40:34.126,,,411.0,131.6,,,3008,,,,,
MSG,3,333,3,A57B4D,103,2025/02/12,23:40:35.162,2025/02/12,23:40:35.162,,20025,,,37.12825,-121.76607,,,0,0,0,0
MSG,4,333,3,A57B4D,103,2025/02/12,23:40:35.162,2025/02/12,23:40:35.162,,,411.0,131.6,,,3008,,,,,
MSG,3,333,3,A57B4D,103,2025/02/12,23:40:36.200,2025/02/12,23:40:36.200,,20075,,,37.12685,-121.76416,,,0,0,0,0
MSG,4,333,3,A57B4D,103,2025/02/12,23:40:36.254,2025/02/12,23:40:36.254,,,412.0,131.7,,,3008,,,,,
MSG,3,333,3,A57B4D,103,2025/02/12,23:40:37.128,2025/02/12,23:40:37.128,,20125,,,37.12573,-121.76253,,,0,0,0,0
MSG,3,333,3,A57B4D,103,2025/02/12,23:40:38.166,2025/02/12,23:40:38.166,,20175,,,37.12445,-121.76077,,,0,0,0,0
MSG,4,333,3,A57B4D,103,2025/02/12,23:40:38.167,2025/02/12,23:40:38.167,,,412.0,131.7,,,2944,,,,,
MSG,1,333,3,A57B4D,103,2025/02/12,23:40:38.767,2025/02/12,23:40:38.767,UAL412,,,,,,,,,,,
MSG,3,333,3,A57B4D,103,2025/02/12,23:40:39.149,2025/02/12,23:40:39.149,,20225,,,37.12317,-121.75896,,,0,0,0,0
MSG,4,333,3,A57B4D,103,2025/02/12,23:40:39.149,2025/02/12,23:40:39.149,,,412.0,131.7,,,2880,,,,,
MSG,6,333,3,A57B4D,103,2025/02/12,23:40:39.204,2025/02/12,23:40:39.204,,20225,,,,,,0112,0,0,0,0
MSG,3,333,3,A57B4D,103,2025/02/12,23:40:41.169,2025/02/12,23:40:41.169,,20325,,,37.12061,-121.75544,,,0,0,0,0
MSG,4,333,3,A57B4D,103,2025/02/12,23:40:41.170,2025/02/12,23:40:41.170,,,412.0,131.7,,,2688,,,,,
MSG,3,333,3,A57B4D,103,2025/02/12,23:40:43.136,2025/02/12,23:40:43.136,,20425,,,37.11809,-121.75183,,,0,0,0,0
MSG,3,333,3,A57B4D,103,2025/02/12,23:40:44.119,2025/02/12,23:40:44.119,,20450,,,37.11681,-121.75008,,,0,0,0,0
MSG,4,333,3,A57B4D,103,2025/02/12,23:40:44.173,2025/02/12,23:40:44.173,,,412.0,131.8,,,2432,,,,,
MSG,3,333,3,A57B4D,103,2025/02/12,23:40:45.210,2025/02/12,23:40:45.210,,20500,,,37.11552,-121.74827,,,0,0,0,0
MSG,4,333,3,A57B4D,103,2025/02/12,23:40:45.211,2025/02/12,23:40:45.211,,,412.0,131.8,,,2368,,,,,
MSG,3,333,3,A57B4D,103,2025/02/12,23:40:46.085,2025/02/12,23:40:46.085,,20550,,,37.11428,-121.74649,,,0,0,0,0
MSG,4,333,3,A57B4D,103,2025/02/12,23:40:46.085,2025/02/12,23:40:46.085,,,413.0,131.9,,,2304,,,,,
MSG,4,333,3,A57B4D,103,2025/02/12,23:40:47.012,2025/02/12,23:40:47.012,,,414.0,131.9,,,2240,,,,,
MSG,3,333,3,A57B4D,103,2025/02/12,23:40:48.159,2025/02/12,23:40:48.159,,20625,,,37.11172,-121.74297,,,0,0,0,0
MSG,3,333,3,A57B4D,103,2025/02/12,23:40:58.099,2025/02/12,23:40:58.099,,20975,,,37.09897,-121.72511,,,0,0,0,0
MSG,4,333,3,A57B4D,103,2025/02/12,23:40:58.099,2025/02/12,23:40:58.099,,,418.0,131.9,,,2240,,,,,
MSG,1,333,3,A57B4D,103,2025/02/12,23:40:58.646,2025/02/12,23:40:58.646,UAL412,,,,,,,,,,,
MSG,3,333,3,A57B4D,103,2025/02/12,23:40:59.081,2025/02/12,23:40:59.081,,21025,,,37.09757,-121.72314,,,0,0,0,0
MSG,4,333,3,A57B4D,103,2025/02/12,23:40:59.082,2025/02/12,23:40:59.082,,,419.0,131.7,,,2304,,,,,
MSG,6,333,3,A57B4D,103,2025/02/12,23:40:59.191,2025/02/12,23:40:59.191,,21025,,,,,,0108,0,0,0,0
MSG,3,333,3,A57B4D,103,2025/02/12,23:41:00.065,2025/02/12,23:41:00.065,,21050,,,37.09639,-121.72150,,,0,0,0,0
MSG,3,333,3,A57B4D,103,2025/02/12,23:41:01.048,2025/02/12,23:41:01.048,,21100,,,37.09511,-121.71969,,,0,0,0,0
MSG,4,333,3,A57B4D,103,2025/02/12,23:41:01.048,2025/02/12,23:41:01.048,,,419.0,131.7,,,2368,,,,,
MSG,3,333,3,A57B4D,103,2025/02/12,23:41:02.030,2025/02/12,23:41:02.030,,21125,,,37.09380,-121.71789,,,0,0,0,0
MSG,4,333,3,A57B4D,103,2025/02/12,23:41:02.031,2025/02/12,23:41:02.031,,,419.0,131.7,,,2432,,,,,
MSG,3,333,3,A57B4D,103,2025/02/12,23:41:02.960,2025/02/12,23:41:02.960,,21175,,,37.09250,-121.71610,,,0,0,0,0
MSG,4,333,3,A57B4D,103,2025/02/12,23:41:03.013,2025/02/12,23:41:03.013,,,420.0,131.7,,,2432,,,,,
MSG,4,333,3,A57B4D,103,2025/02/12,23:41:09.895,2025/02/12,23:41:09.895,,,421.0,131.7,,,2560,,,,,
MSG,4,333,3,A57B4D,103,2025/02/12,23:41:10.823,2025/02/12,23:41:10.823,,,421.0,131.7,,,2560,,,,,
MSG,3,333,3,A57B4D,103,2025/02/12,23:41:11.697,2025/02/12,23:41:11.697,,21525,,,37.08124,-121.70029,,,0,0,0,0
MSG,4,333,3,A57B4D,103,2025/02/12,23:41:11.697,2025/02/12,23:41:11.697,,,421.0,131.7,,,2560,,,,,
MSG,3,333,3,A57B4D,103,2025/02/12,23:41:12.734,2025/02/12,23:41:12.734,,21575,,,37.07996,-121.69848,,,0,0,0,0
MSG,4,333,3,A57B4D,103,2025/02/12,23:41:12.734,2025/02/12,23:41:12.734,,,421.0,131.7,,,2624,,,,,
MSG,3,333,3,A57B4D,103,2025/02/12,23:41:14.591,2025/02/12,23:41:14.591,,21650,,,37.07748,-121.69503,,,0,0,0,0
MSG,3,333,3,A57B4D,103,2025/02/12,23:41:18.578,2025/02/12,23:41:18.578,,21850,,,37.07229,-121.68773,,,0,0,0,0
MSG,4,333,3,A57B4D,103,2025/02/12,23:41:18.578,2025/02/12,23:41:18.578,,,421.0,131.7,,,2816,,,,,
MSG,1,333,3,A57B4D,103,2025/02/12,23:41:18.960,2025/02/12,23:41:18.960,UAL412,,,,,,,,,,,
MSG,6,333,3,A57B4D,103,2025/02/12,23:41:19.124,2025/02/12,23:41:19.124,,21850,,,,,,0097,0,0,0,0
MSG,3,333,3,A57B4D,103,2025/02/12,23:41:19.615,2025/02/12,23:41:19.615,,21900,,,37.07099,-121.68588,,,0,0,0,0
MSG,3,333,3,A57B4D,103,2025/02/12,23:41:20.489,2025/02/12,23:41:20.489,,21925,,,37.06983,-121.68427,,,0,0,0,0
MSG,4,333,3,A57B4D,103,2025/02/12,23:41:20.489,2025/02/12,23:41:20.489,,,421.0,131.7,,,2816,,,,,
MSG,4,333,3,A57B4D,103,2025/02/12,23:41:22.182,2025/02/12,23:41:22.182,,,421.0,131.7,,,2816,,,,,
MSG,3,333,3,A57B4D,103,2025/02/12,23:41:23.165,2025/02/12,23:41:23.165,,22050,,,37.06647,-121.67950,,,0,0,0,0
MSG,4,333,3,A57B4D,103,2025/02/12,23:41:23.166,2025/02/12,23:41:23.166,,,421.0,131.7,,,2752,,,,,
MSG,3,333,3,A57B4D,103,2025/02/12,23:41:24.093,2025/02/12,23:41:24.093,,22100,,,37.06517,-121.67767,,,0,0,0,0
MSG,3,333,3,A57B4D,103,2025/02/12,23:41:33.159,2025/02/12,23:41:33.159,,22475,,,37.05345,-121.66125,,,0,0,0,0
MSG,4,333,3,A57B4D,103,2025/02/12,23:41:33.212,2025/02/12,23:41:33.212,,,422.0,131.7,,,2304,,,,,
MSG,3,333,3,A57B4D,103,2025/02/12,23:41:34.196,2025/02/12,23:41:34.196,,22525,,,37.05203,-121.65927,,,0,0,0,0
MSG,3,333,3,A57B4D,103,2025/02/12,23:41:36.981,2025/02/12,23:41:36.981,,22625,,,37.04837,-121.65412,,,0,0,0,0
MSG,4,333,3,A57B4D,103,2025/02/12,23:41:36.982,2025/02/12,23:41:36.982,,,424.0,131.7,,,2176,,,,,
MSG,4,333,3,A57B4D,103,2025/02/12,23:41:38.073,2025/02/12,23:41:38.073,,,424.0,131.7,,,2176,,,,,
MSG,1,333,3,A57B4D,103,2025/02/12,23:41:38.838,2025/02/12,23:41:38.838,UAL412,,,,,,,,,,,
MSG,3,333,3,A57B4D,103,2025/02/12,23:41:38.947,2025/02/12,23:41:38.947,,22700,,,37.04590,-121.65068,,,0,0,0,0
MSG,6,333,3,A57B4D,103,2025/02/12,23:41:38.948,2025/02/12,23:41:38.948,,22700,,,,,,0110,0,0,0,0
MSG,4,333,3,A57B4D,103,2025/02/12,23:41:40.804,2025/02/12,23:41:40.804,,,425.0,131.6,,,2112,,,,,
MSG,3,333,3,A57B4D,103,2025/02/12,23:41:44.682,2025/02/12,23:41:44.682,,22900,,,37.03830,-121.63998,,,0,0,0,0
MSG,4,333,3,A57B4D,103,2025/02/12,23:41:44.735,2025/02/12,23:41:44.735,,,426.0,131.6,,,2048,,,,,
MSG,3,333,3,A57B4D,103,2025/02/12,23:41:45.719,2025/02/12,23:41:45.719,,22925,,,37.03697,-121.63817,,,0,0,0,0
MSG,4,333,3,A57B4D,103,2025/02/12,23:41:45.719,2025/02/12,23:41:45.719,,,426.0,131.6,,,2048,,,,,
MSG,4,333,3,A57B4D,103,2025/02/12,23:41:46.647,2025/02/12,23:41:46.647,,,427.0,131.7,,,2048,,,,,
MSG,4,333,3,A57B4D,103,2025/02/12,23:41:47.794,2025/02/12,23:41:47.794,,,427.0,131.7,,,2048,,,,,
MSG,3,333,3,A57B4D,103,2025/02/12,23:41:48.831,2025/02/12,23:41:48.831,,23025,,,37.03281,-121.63227,,,0,0,0,0
MSG,4,333,3,A57B4D,103,2025/02/12,23:41:48.832,2025/02/12,23:41:48.832,,,427.0,131.7,,,2112,,,,,
MSG,1,333,3,A57B4D,103,2025/02/12,23:41:49.050,2025/02/12,23:41:49.050,UAL412,,,,,,,,,,,
MSG,3,333,3,A57B4D,103,2025/02/12,23:41:49.761,2025/02/12,23:41:49.761,,23075,,,37.03161,-121.63059,,,0,0,0,0
MSG,4,333,3,A57B4D,103,2025/02/12,23:41:49.814,2025/02/12,23:41:49.814,,,427.0,131.7,,,2112,,,,,
MSG,3,333,3,A57B4D,103,2025/02/12,23:41:50.852,2025/02/12,23:41:50.852,,23100,,,37.03030,-121.62874,,,0,0,0,0
MSG,4,333,3,A57B4D,103,2025/02/12,23:41:50.853,2025/02/12,23:41:50.853,,,427.0,131.7,,,2176,,,,,
MSG,3,333,3,A57B4D,103,2025/02/12,23:41:51.726,2025/02/12,23:41:51.726,,23150,,,37.02910,-121.62707,,,0,0,0,0
MSG,4,333,3,A57B4D,103,2025/02/12,23:41:51.726,2025/02/12,23:41:51.726,,,427.0,131.7,,,2240,,,,,
MSG,3,333,3,A57B4D,103,2025/02/12,23:41:52.873,2025/02/12,23:41:52.873,,23175,,,37.02751,-121.62486,,,0,0,0,0
MSG,4,333,3,A57B4D,103,2025/02/12,23:41:52.873,2025/02/12,23:41:52.873,,,427.0,131.7,,,2240,,,,,
MSG,3,333,3,A57B4D,103,2025/02/12,23:41:53.802,2025/02/12,23:41:53.802,,23225,,,37.02635,-121.62321,,,0,0,0,0
MSG,4,333,3,A57B4D,103,2025/02/12,23:41:53.855,2025/02/12,23:41:53.855,,,427.0,131.7,,,2304,,,,,
MSG,3,333,3,A57B4D,103,2025/02/12,23:41:54.839,2025/02/12,23:41:54.839,,23250,,,37.02502,-121.62134,,,0,0,0,0
MSG,4,333,3,A57B4D,103,2025/02/12,23:41:54.893,2025/02/12,23:41:54.893,,,427.0,131.7,,,2368,,,,,
MSG,3,333,3,A57B4D,103,2025/02/12,23:41:55.822,2025/02/12,23:41:55.822,,23300,,,37.02370,-121.61947,,,0,0,0,0
MSG,4,333,3,A57B4D,103,2025/02/12,23:41:55.876,2025/02/12,23:41:55.876,,,427.0,131.7,,,2368,,,,,
MSG,3,333,3,A57B4D,103,2025/02/12,23:41:56.859,2025/02/12,23:41:56.859,,23325,,,37.02223,-121.61748,,,0,0,0,0
MSG,4,333,3,A57B4D,103,2025/02/12,23:41:56.860,2025/02/12,23:41:56.860,,,428.0,131.7,,,2368,,,,,
AIR,,333,5,A441F5,105,2025/02/12,23:42:07.180,2025/02/12,23:42:07.180
MSG,4,333,5,A441F5,105,2025/02/12,23:42:07.180,2025/02/12,23:42:07.180,,,377.0,111.5,,,1984,,,,,
MSG,5,333,3,A57B4D,103,2025/02/12,23:42:07.344,2025/02/12,23:42:07.344,,23725,,,,,,,0,,0,0
MSG,6,333,3,A57B4D,103,2025/02/12,23:42:08.655,2025/02/12,23:42:08.655,,23725,,,,,,0101,0,0,0,0
MSG,5,333,5,A441F5,105,2025/02/12,23:42:08.819,2025/02/12,23:42:08.819,,16000,,,,,,,0,,0,0
MSG,4,333,5,A441F5,105,2025/02/12,23:42:09.092,2025/02/12,23:42:09.092,,,378.0,111.5,,,1856,,,,,
MSG,1,333,3,A57B4D,103,2025/02/12,23:42:09.146,2025/02/12,23:42:09.146,UAL412,,,,,,,,,,,
MSG,4,333,3,A57B4D,103,2025/02/12,23:42:09.528,2025/02/12,23:42:09.528,,,429.0,131.7,,,2432,,,,,
MSG,5,333,3,A57B4D,103,2025/02/12,23:42:10.785,2025/02/12,23:42:10.785,,23875,,,,,,,0,,0,0
MSG,5,333,5,A441F5,105,2025/02/12,23:42:14.604,2025/02/12,23:42:14.604,,16175,,,,,,,0,,0,0
MSG,4,333,3,A57B4D,103,2025/02/12,23:42:17.170,2025/02/12,23:42:17.170,,,429.0,131.7,,,2432,,,,,
MSG,5,333,3,A57B4D,103,2025/02/12,23:42:17.552,2025/02/12,23:42:17.552,,24150,,,,,,,0,,0,0
MSG,1,333,3,A57B4D,103,2025/02/12,23:42:18.864,2025/02/12,23:42:18.864,UAL412,,,,,,,,,,,
MSG,4,333,3,A57B4D,103,2025/02/12,23:42:20.120,2025/02/12,23:42:20.120,,,429.0,131.7,,,2240,,,,,
MSG,5,333,3,A57B4D,103,2025/02/12,23:42:21.157,2025/02/12,23:42:21.157,,24300,,,,,,,0,,0,0
MSG,4,333,3,A57B4D,103,2025/02/12,23:42:21.157,2025/02/12,23:42:21.157,,,429.0,131.7,,,2176,,,,,
MSG,5,333,3,A57B4D,103,2025/02/12,23:42:21.431,2025/02/12,23:42:21.431,,24300,,,,,,,0,,0,0
MSG,5,333,3,A57B4D,103,2025/02/12,23:42:22.195,2025/02/12,23:42:22.195,,24325,,,,,,,0,,0,0
MSG,4,333,3,A57B4D,103,2025/02/12,23:42:22.195,2025/02/12,23:42:22.195,,,429.0,131.7,,,2048,,,,,
MSG,5,333,3,A57B4D,103,2025/02/12,23:42:23.287,2025/02/12,23:42:23.287,,24375,,,,,,,0,,0,0
MSG,4,333,3,A57B4D,103,2025/02/12,23:42:23.288,2025/02/12,23:42:23.288,,,429.0,131.7,,,1984,,,,,
MSG,5,333,3,A57B4D,103,2025/02/12,23:42:24.161,2025/02/12,23:42:24.161,,24400,,,,,,,0,,0,0
MSG,4,333,3,A57B4D,103,2025/02/12,23:42:24.161,2025/02/12,23:42:24.161,,,429.0,131.7,,,1920,,,,,
MSG,4,333,3,A57B4D,103,2025/02/12,23:42:26.345,2025/02/12,23:42:26.345,,,431.0,131.7,,,1792,,,,,
MSG,5,333,3,A57B4D,103,2025/02/12,23:42:27.000,2025/02/12,23:42:27.000,,24475,,,,,,,0,,0,0
MSG,5,333,5,A441F5,105,2025/02/12,23:42:27.491,2025/02/12,23:42:27.491,,16675,,,,,,,0,,0,0
MSG,5,333,5,A441F5,105,2025/02/12,23:42:27.656,2025/02/12,23:42:27.656,,16675,,,,,,,0,,0,0
MSG,5,333,3,A57B4D,103,2025/02/12,23:42:28.365,2025/02/12,23:42:28.365,,24525,,,,,,,0,,0,0
MSG,6,333,3,A57B4D,103,2025/02/12,23:42:28.365,2025/02/12,23:42:28.365,,24525,,,,,,0115,0,0,0,0
MSG,5,333,3,A57B4D,103,2025/02/12,23:42:28.366,2025/02/12,23:42:28.366,,24525,,,,,,,0,,0,0
MSG,5,333,3,A57B4D,103,2025/02/12,23:42:28.585,2025/02/12,23:42:28.585,,24525,,,,,,,0,,0,0
MSG,5,333,3,A57B4D,103,2025/02/12,23:42:28.966,2025/02/12,23:42:28.966,,24550,,,,,,,0,,0,0
MSG,6,333,3,A57B4D,103,2025/02/12,23:42:29.131,2025/02/12,23:42:29.131,,24550,,,,,,0125,0,0,0,0
MSG,5,333,3,A57B4D,103,2025/02/12,23:42:30.332,2025/02/12,23:42:30.332,,24575,,,,,,,0,,0,0
MSG,4,333,3,A57B4D,103,2025/02/12,23:42:30.332,2025/02/12,23:42:30.332,,,432.0,131.8,,,1600,,,,,
MSG,5,333,3,A57B4D,103,2025/02/12,23:42:30.713,2025/02/12,23:42:30.713,,24575,,,,,,,0,,0,0
MSG,5,333,3,A57B4D,103,2025/02/12,23:42:30.714,2025/02/12,23:42:30.714,,24600,,,,,,,0,,0,0
MSG,5,333,3,A57B4D,103,2025/02/12,23:42:31.314,2025/02/12,23:42:31.314,,24600,,,,,,,0,,0,0
MSG,4,333,3,A57B4D,103,2025/02/12,23:42:31.315,2025/02/12,23:42:31.315,,,432.0,131.8,,,1536,,,,,
MSG,5,333,3,A57B4D,103,2025/02/12,23:42:32.243,2025/02/12,23:42:32.243,,24625,,,,,,,0,,0,0
MSG,4,333,3,A57B4D,103,2025/02/12,23:42:32.244,2025/02/12,23:42:32.244,,,432.0,131.8,,,1536,,,,,
MSG,5,333,5,A441F5,105,2025/02/12,23:42:32.297,2025/02/12,23:42:32.297,,16850,,,,,,,0,,0,0
MSG,5,333,3,A57B4D,103,2025/02/12,23:42:32.461,2025/02/12,23:42:32.461,,24625,,,,,,,0,,0,0
MSG,3,333,3,A57B4D,103,2025/02/12,23:42:33.226,2025/02/12,23:42:33.226,,24650,,,36.97421,-121.55016,,,0,0,0,0
MSG,5,333,5,A441F5,105,2025/02/12,23:42:34.591,2025/02/12,23:42:34.591,,16925,,,,,,,0,,0,0
MSG,5,333,5,A441F5,105,2025/02/12,23:42:34.646,2025/02/12,23:42:34.646,,16925,,,,,,,0,,0,0
MSG,4,333,5,A441F5,105,2025/02/12,23:42:36.230,2025/02/12,23:42:36.230,,,391.0,108.6,,,1920,,,,,
MSG,5,333,5,A441F5,105,2025/02/12,23:42:36.557,2025/02/12,23:42:36.557,,17000,,,,,,,0,,0,0
MSG,4,333,5,A441F5,105,2025/02/12,23:42:44.530,2025/02/12,23:42:44.530,,,394.0,108.3,,,2496,,,,,
MSG,5,333,5,A441F5,105,2025/02/12,23:42:44.586,2025/02/12,23:42:44.586,,17300,,,,,,,0,,0,0
MSG,5,333,5,A441F5,105,2025/02/12,23:42:45.350,2025/02/12,23:42:45.350,,17325,,,,,,,0,,0,0
MSG,4,333,5,A441F5,105,2025/02/12,23:42:46.714,2025/02/12,23:42:46.714,,,394.0,108.3,,,2432,,,,,
MSG,4,333,5,A441F5,105,2025/02/12,23:42:47.589,2025/02/12,23:42:47.589,,,395.0,108.3,,,2368,,,,,
MSG,4,333,5,A441F5,105,2025/02/12,23:42:48.736,2025/02/12,23:42:48.736,,,395.0,108.3,,,2304,,,,,
MSG,5,333,5,A441F5,105,2025/02/12,23:42:51.466,2025/02/12,23:42:51.466,,17575,,,,,,,0,,0,0
MSG,4,333,5,A441F5,105,2025/02/12,23:42:51.793,2025/02/12,23:42:51.793,,,396.0,108.3,,,2432,,,,,
MSG,5,333,5,A441F5,105,2025/02/12,23:42:52.393,2025/02/12,23:42:52.393,,17600,,,,,,,0,,0,0
MSG,4,333,5,A441F5,105,2025/02/12,23:42:52.394,2025/02/12,23:42:52.394,,,396.0,108.3,,,2496,,,,,
MSG,3,333,5,A441F5,105,2025/02/12,23:42:52.831,2025/02/12,23:42:52.831,,17625,,,37.41637,-121.76609,,,0,0,0,0
MSG,4,333,5,A441F5,105,2025/02/12,23:42:52.885,2025/02/12,23:42:52.885,,,396.0,108.3,,,2496,,,,,
MSG,5,333,5,A441F5,105,2025/02/12,23:42:53.268,2025/02/12,23:42:53.268,,17650,,,,,,,0,,0,0
MSG,4,333,5,A441F5,105,2025/02/12,23:42:53.814,2025/02/12,23:42:53.814,,,396.0,108.3,,,2560,,,,,
MSG,4,333,5,A441F5,105,2025/02/12,23:42:54.251,2025/02/12,23:42:54.251,,,396.0,108.3,,,2560,,,,,
MSG,3,333,5,A441F5,105,2025/02/12,23:42:54.360,2025/02/12,23:42:54.360,,17700,,,37.41548,-121.76273,,,0,0,0,0
MSG,4,333,5,A441F5,105,2025/02/12,23:42:54.688,2025/02/12,23:42:54.688,,,397.0,108.2,,,2560,,,,,
MSG,3,333,5,A441F5,105,2025/02/12,23:42:54.852,2025/02/12,23:42:54.852,,17700,,,37.41522,-121.76165,,,0,0,0,0
MSG,4,333,5,A441F5,105,2025/02/12,23:42:55.125,2025/02/12,23:42:55.125,,,397.0,108.2,,,2560,,,,,